{
  "lang": "az",
  "entropy": 5.88986019118385,
  "mean_word_length": 5.864197530864198,
  "phoneme_counts": {
    "o": 57,
    "t": 77,
    "aː": 4,
    "ɯ": 99,
    "n": 164,
    "p": 15,
    "æ": 199,
    "d̠ʒ": 25,
    "ɾ": 31,
    "s": 57,
    "i": 227,
    "e": 119,
    "z": 67,
    "m": 93,
    "l": 55,
    "ʃ": 51,
    "d": 202,
    "a": 237,
    "x": 64,
    "c": 37,
    "b": 55,
    "u": 46,
    "h": 13,
    "j": 81,
    "œ": 10,
    "r": 87,
    "ɫ": 39,
    "f": 7,
    "ɟ": 24,
    "ɡ": 23,
    "t̠ʃ": 18,
    "v": 39,
    "y": 30,
    "ç": 16,
    "ʒ": 1,
    "uː": 2,
    "ts": 1,
    "ɹ": 1,
    "ɯɯ": 1,
    "oː": 1
  },
  "observed_phonemes_count": 40
}