{
  "lang": "vi",
  "entropy": 6.963176903792488,
  "mean_word_length": 2.7254644684047387,
  "phoneme_counts": {
    "ŋ": 8821,
    "a": 1174,
    "j": 6667,
    "k": 6459,
    "aː4": 1093,
    "t": 3278,
    "yɜ": 465,
    "c": 3049,
    "n": 8612,
    "e": 1718,
    "ɲ": 4483,
    "v": 3220,
    "aː2": 3456,
    "aːɜ": 2104,
    "t̠ʃ": 4410,
    "aː": 2702,
    "ɗ": 5042,
    "ɔɜ": 1507,
    "u5": 394,
    "aː5": 577,
    "yə6": 565,
    "w": 5760,
    "iɛ": 560,
    "ɣ": 555,
    "p": 1037,
    "ɔ": 1214,
    "uɜ": 596,
    "t̪": 6453,
    "o": 2282,
    "m": 5016,
    "a2": 643,
    "aɜ": 718,
    "x": 1592,
    "b": 2774,
    "iɛɜ": 840,
    "u6": 351,
    "y2": 338,
    "ə1": 149,
    "əːɜ": 659,
    "f": 1092,
    "uə": 193,
    "ɔ2": 370,
    "s": 2517,
    "e2": 736,
    "iɛ6": 1020,
    "əː4": 492,
    "əɪ": 260,
    "h": 2756,
    "ə2": 627,
    "i5": 178,
    "uəɜ": 293,
    "z": 2886,
    "y": 691,
    "o5": 134,
    "eɜ": 1100,
    "əː": 481,
    "ɔ6": 689,
    "l": 3051,
    "o6": 1215,
    "i2": 1199,
    "iɛ2": 536,
    "uə4": 593,
    "əɪ6": 104,
    "ɛ": 831,
    "y5": 470,
    "i6": 660,
    "yə": 527,
    "əɜ": 919,
    "yə2": 1009,
    "əɪɜ": 334,
    "aː6": 1180,
    "i4": 336,
    "a4": 128,
    "ə": 559,
    "ɛ2": 90,
    "uə5": 2,
    "ə6": 670,
    "u2": 417,
    "y6": 429,
    "uə6": 168,
    "oɜ": 843,
    "yəɜ": 521,
    "ɛ5": 207,
    "əː2": 690,
    "i": 1349,
    "iɜ": 688,
    "e6": 311,
    "o2": 537,
    "yə5": 114,
    "iə5": 35,
    "a6": 436,
    "ɛ4": 168,
    "e4": 523,
    "ɛ6": 159,
    "ə5": 172,
    "iɛ4": 255,
    "ɛɜ": 242,
    "u4": 259,
    "ɔ4": 255,
    "uə2": 78,
    "u": 410,
    "o4": 238,
    "iəɜ": 24,
    "iə": 60,
    "a5": 37,
    "yə4": 155,
    "əː6": 292,
    "ə4": 72,
    "ʐ": 48,
    "əɪ2": 39,
    "aːɪ": 51,
    "ð": 32,
    "e7": 32,
    "yə7": 24,
    "iə6": 66,
    "ɔ5": 96,
    "əɪ4": 11,
    "e1": 24,
    "aɪ4": 10,
    "y4": 191,
    "əː5": 42,
    "əɪ5": 7,
    "aʊɜ": 17,
    "ʒ": 3,
    "iɛ5": 102,
    "o1": 7,
    "a7": 4,
    "e5": 52,
    "d": 30,
    "ɟ": 10,
    "əʊɜ": 10,
    "iə4": 3,
    "iə2": 6,
    "aː1": 2
  },
  "observed_phonemes_count": 134
}