{
  "lang": "ca",
  "entropy": 7.454627788115707,
  "mean_word_length": 4.722685644732847,
  "phoneme_counts": {
    "f": 17283,
    "u̯": 72910,
    "n̺": 115070,
    "d̪": 15525,
    "a": 252623,
    "s̺": 165444,
    "j": 32572,
    "o": 47925,
    "p": 54405,
    "ɾ̺": 89953,
    "i": 113695,
    "β": 43812,
    "ð": 67248,
    "ə": 176172,
    "m": 55225,
    "r̺": 32008,
    "ɛ": 67755,
    "z̺": 16412,
    "t̪": 106845,
    "b": 4690,
    "ɫ̺": 109595,
    "k": 81408,
    "w": 19028,
    "ŋ": 3075,
    "ɲ̟": 4519,
    "ʎ̟": 8165,
    "ɣ": 18292,
    "u": 17628,
    "ʃ": 4938,
    "ɔ": 4748,
    "e": 18775,
    "ɡ": 2342,
    "ʒ": 7084,
    "d̠ʒ": 2792,
    "ts̺": 135,
    "t̠ʃ": 673,
    "aɪ": 9
  },
  "observed_phonemes_count": 37
}