{
  "lang": "ar",
  "entropy": 9.02453764788514,
  "mean_word_length": 6.196001275076949,
  "phoneme_counts": {
    "ʕ": 30903,
    "n": 50834,
    "d": 29804,
    "m": 59374,
    "aː": 88869,
    "θ": 6369,
    "r": 23952,
    "t": 54244,
    "a": 185343,
    "l": 97618,
    "iː": 45316,
    "j": 39027,
    "h": 27220,
    "ʃ": 11086,
    "q": 20762,
    "i": 54405,
    "b": 30216,
    "ʔ": 75341,
    "t̪": 9740,
    "w": 29187,
    "ɣ": 3610,
    "ɹ": 26261,
    "u": 17642,
    "f": 23104,
    "uː": 21268,
    "dˤ": 7120,
    "ħ": 17103,
    "dː": 1305,
    "s": 27844,
    "t̠ʃ": 62,
    "k": 16736,
    "χ": 7628,
    "d̠ʒ": 13361,
    "s̪": 12332,
    "a.ː": 3104,
    "ð": 7521,
    "u.ː": 805,
    "z": 6615,
    "qː": 325,
    "tː": 978,
    "i.ː": 517,
    "kː": 412,
    "bː": 311,
    "e": 81,
    "d̠ʒː": 6,
    "t̪ː": 2,
    "dˤdˤ": 3,
    "u.": 2,
    "ɡ": 5
  },
  "observed_phonemes_count": 49
}