{
  "lang": "is",
  "entropy": 7.5700513270742436,
  "mean_word_length": 5.36503527998799,
  "phoneme_counts": {
    "θ̻": 970,
    "ou̯": 738,
    "t̪": 1099,
    "t̪ʰ": 4319,
    "m": 2593,
    "ɪː": 809,
    "cʰ": 762,
    "ɪ": 4282,
    "ð̺̞": 2859,
    "aː": 1466,
    "f": 1657,
    "s̺": 4199,
    "ä": 5455,
    "ə": 1053,
    "r": 4199,
    "äi̯": 609,
    "n̪": 4032,
    "ʏ": 2846,
    "ɔ": 792,
    "j": 1099,
    "ɛː": 2109,
    "l": 2840,
    "øɪ̯": 214,
    "iː": 1005,
    "pʰ": 1230,
    "r̥": 1862,
    "i": 759,
    "c": 190,
    "x": 875,
    "ʋ": 2166,
    "ɛ": 1720,
    "h": 1783,
    "ɡ": 2044,
    "k": 482,
    "ɔː": 860,
    "äu̯": 1307,
    "ç": 35,
    "ɲ": 52,
    "œ": 469,
    "u": 224,
    "ʏː": 245,
    "ɰ": 512,
    "ei̯": 936,
    "ŋ": 415,
    "n̪̥": 566,
    "ŋ̥": 49,
    "uː": 203,
    "m̥": 132,
    "œː": 136,
    "p": 107,
    "ɬ": 49,
    "z": 28,
    "ʏi̯": 10,
    "ʃ": 11,
    "r̥̥": 1,
    "r#": 5,
    "ɲ̥": 3,
    "ɔi̯": 1
  },
  "observed_phonemes_count": 58
}