{
  "lang": "pt",
  "entropy": 8.153469590908088,
  "mean_word_length": 4.647567191693727,
  "phoneme_counts": {
    "p": 135733,
    "e": 118632,
    "k": 158948,
    "n̪": 104512,
    "u": 367925,
    "ʃ": 124644,
    "s": 184285,
    "ɐ̃u̜": 51841,
    "ɐ": 395430,
    "ʒ": 93097,
    "ẽ": 90050,
    "t̪": 242031,
    "ɯ": 231018,
    "d̪": 254045,
    "ʁ": 167776,
    "ɐ̃": 47207,
    "f": 53881,
    "ɾ": 148561,
    "m": 144853,
    "õi": 7608,
    "a": 133090,
    "ɛ": 67714,
    "ɡ": 42150,
    "i": 285920,
    "o": 106444,
    "ũ": 34921,
    "v": 63433,
    "l̪ˠ": 120807,
    "z": 96196,
    "ɔ": 48957,
    "b": 48168,
    "oi": 10543,
    "ĩ": 23785,
    "ɐi": 18953,
    "eu̜": 6852,
    "ai": 14430,
    "ʎ": 7984,
    "iu̜": 3007,
    "au̜": 11067,
    "ŋ": 557,
    "ɲ": 8667,
    "õ": 8010,
    "ui": 2445,
    "ɛi": 969,
    "n̪ʲ": 370,
    "ɔi": 478,
    "ɐ̃i": 309,
    "ũi": 2094,
    "ɛu̜": 159,
    "ə": 29,
    "ts": 62,
    "tː": 49,
    "l̪ˠʲ": 52,
    "iː": 43,
    "d̪̠ʒ": 15,
    "kː": 15,
    "ʂ": 9,
    "h": 12,
    "bː": 1,
    "uː": 40,
    "oː": 1,
    "θ": 1
  },
  "observed_phonemes_count": 62
}