{
  "lang": "da",
  "entropy": 7.626819523360883,
  "mean_word_length": 4.390739702806523,
  "phoneme_counts": {
    "ʋ": 6526,
    "ɒ": 5884,
    "k": 10701,
    "ɔˤ": 14443,
    "m": 11001,
    "j": 4961,
    "u": 1105,
    "l": 16793,
    "ə": 21932,
    "a": 14613,
    "n": 24314,
    "f": 7590,
    "ʁ": 7213,
    "ɑ": 4569,
    "eˤ": 13574,
    "r": 7932,
    "t": 16809,
    "ð": 10041,
    "e": 3990,
    "s": 22377,
    "iˤ": 8971,
    "p": 5404,
    "œ": 3431,
    "ɛ": 14875,
    "d": 10327,
    "h": 5244,
    "uˤ": 3686,
    "w": 2304,
    "o": 1531,
    "oˤ": 3477,
    "i": 6217,
    "ɔ": 6052,
    "ɡ": 4390,
    "y": 1765,
    "ɑˤː": 4863,
    "ɒː": 1068,
    "b": 5595,
    "ŋ": 2742,
    "ɕ": 844,
    "eː": 273,
    "iː": 78,
    "aˤ": 862,
    "ɔː": 251,
    "ɾ": 84,
    "uː": 79,
    "ɜ": 60,
    "yː": 104,
    "ɔɔ": 8,
    "œː": 34,
    "d̠ʒ": 93,
    "ɟ": 2,
    "t̠ʃ": 26,
    "oː": 26,
    "ʔ": 8,
    "θ": 7,
    "ɛː": 18,
    "aː": 17,
    "x": 2,
    "ʒ": 1
  },
  "observed_phonemes_count": 59
}