{
  "lang": "eu",
  "entropy": 8.764999246032136,
  "mean_word_length": 6.1031640141046415,
  "phoneme_counts": {
    "a": 78454,
    "t̪": 31969,
    "e": 65855,
    "n": 38252,
    "s̺": 12537,
    "o": 31665,
    "ɾ": 31031,
    "ð": 12955,
    "β": 10764,
    "ɟ": 2533,
    "u": 24697,
    "ɣ": 11107,
    "ei̯": 1384,
    "i": 39514,
    "s̪̻": 18182,
    "d̪": 5437,
    "ai̯": 5234,
    "k": 29083,
    "m": 6027,
    "t̠ʃ": 1523,
    "l": 14652,
    "ɡ": 2744,
    "b": 3739,
    "t̪̻s̪̻": 6889,
    "r": 7340,
    "au̯": 2745,
    "p": 5819,
    "ɲ": 2811,
    "f": 1555,
    "j": 592,
    "t̺s̺": 1095,
    "ʃ": 455,
    "ʎ": 1894,
    "eu̯": 733,
    "oi̯": 749,
    "c": 58,
    "θ": 157,
    "x": 94
  },
  "observed_phonemes_count": 38
}