{
  "lang": "cy",
  "entropy": 7.1623913827506005,
  "mean_word_length": 3.9256702873642237,
  "phoneme_counts": {
    "m": 4443,
    "ai": 4541,
    "a": 8958,
    "ŋ": 605,
    "ɛ": 5537,
    "n": 12605,
    "d": 8169,
    "ɪ": 4053,
    "v": 4211,
    "r": 11262,
    "ɔ": 6073,
    "l": 5281,
    "θ": 1989,
    "ʌ": 5456,
    "ø": 4077,
    "iː": 3095,
    "ɪu": 881,
    "χ": 1666,
    "w": 1929,
    "ʊ": 1292,
    "oː": 2330,
    "əi": 2166,
    "ʊi": 1687,
    "ð": 4390,
    "ə": 3980,
    "ɬ": 1460,
    "au": 593,
    "j": 2282,
    "k": 2931,
    "ɑː": 1503,
    "f": 621,
    "s": 4096,
    "b": 2909,
    "ɡ": 5492,
    "ɔi": 978,
    "h": 2600,
    "d̠ʒ": 57,
    "t": 2657,
    "p": 1266,
    "ʃ": 309,
    "ɛu": 448,
    "eː": 1659,
    "uː": 218,
    "z": 2
  },
  "observed_phonemes_count": 44
}