{
  "lang": "pl",
  "entropy": 9.23338850785335,
  "mean_word_length": 5.531737693834738,
  "phoneme_counts": {
    "o": 156809,
    "p": 57290,
    "x": 17402,
    "dʑ": 16847,
    "i": 67854,
    "a": 159971,
    "n̪": 70858,
    "v": 55136,
    "e": 166899,
    "d̪": 42594,
    "u": 55186,
    "k": 54412,
    "j": 51071,
    "m": 53257,
    "s̻": 29149,
    "ŋ": 4796,
    "t̪": 72757,
    "ɨ": 71544,
    "l̪": 37735,
    "ɲ": 41199,
    "s̪": 56111,
    "f": 26825,
    "r": 61988,
    "t̻s̻": 19537,
    "z̪": 32457,
    "w": 39768,
    "ɕ": 24428,
    "ɡʲ": 1714,
    "tɕ": 18339,
    "z̻": 19373,
    "ɡ": 24567,
    "b": 25638,
    "ʑ": 2741,
    "t̪s̪": 23178,
    "ɣ": 2437,
    "kʲ": 4498,
    "ẽ": 1656,
    "d̻z̻": 656,
    "cʲ": 258,
    "t": 168,
    "h": 29,
    "s̪ʲ": 6,
    "n̪ʲ": 1,
    "t̪s̪ʲ": 1,
    "z̪ʲ": 1
  },
  "observed_phonemes_count": 45
}