{
  "lang": "uk",
  "entropy": 8.964876960134152,
  "mean_word_length": 5.692647487021426,
  "phoneme_counts": {
    "dʲ": 3142,
    "i": 52552,
    "d": 24638,
    "u": 35400,
    "sʲ": 8234,
    "t": 33855,
    "ɔ": 76691,
    "j": 16304,
    "ʃ̺": 10488,
    "t̠ʃ̺": 13875,
    "ɑ": 84878,
    "ɛ": 41898,
    "s": 23257,
    "v": 41888,
    "p": 23952,
    "m": 24285,
    "x": 8565,
    "n": 44667,
    "ɪ": 49750,
    "r": 34850,
    "ts": 2355,
    "l": 17638,
    "tʲ": 7652,
    "b": 12382,
    "k": 30144,
    "z": 16964,
    "nʲ": 12444,
    "rʲ": 3743,
    "ɦ": 12796,
    "tsʲ": 5100,
    "lʲ": 10129,
    "f": 2284,
    "ʐ": 6604,
    "zʲ": 950,
    "8": 303,
    "1": 1137,
    "9": 386,
    "6": 359,
    "5": 472,
    "0": 880,
    "7": 338,
    "2": 920,
    "ɡ": 218,
    "3": 462,
    "4": 386,
    "e": 338,
    "a": 349,
    "o": 268,
    "c": 159,
    "ë": 1,
    "q": 7,
    "́": 8,
    "y": 46,
    "w": 61,
    "h": 74,
    "μ": 5,
    "ν": 2,
    "η": 2,
    "α": 3,
    "ι": 1,
    "ы": 13,
    "_": 2,
    "ü": 2,
    "̋": 1,
    "ä": 1,
    "ʼ": 1,
    "ê": 3,
    "½": 2,
    "ε": 1,
    "υ": 2,
    "κ": 1,
    "ρ": 1,
    "ο": 1,
    "β": 1,
    "vʲ": 1,
    "э": 3,
    "ŭ": 1
  },
  "observed_phonemes_count": 77
}