{
  "lang": "ru",
  "entropy": 9.37836590389324,
  "mean_word_length": 5.971754177795085,
  "phoneme_counts": {
    "a": 182792,
    "nʲ": 152019,
    "i": 676827,
    "m": 158230,
    "ɑ": 288769,
    "ts": 54018,
    "y": 206661,
    "ju": 36134,
    "ɪ": 178213,
    "z": 85820,
    "ʌ": 668267,
    "b": 81197,
    "r": 244592,
    "ʒ": 63434,
    "ɕ": 28662,
    "u": 174356,
    "ɡ": 66638,
    "ɭ": 170472,
    "v": 225888,
    "n": 332178,
    "x": 71646,
    "ɡʲ": 14907,
    "o": 260348,
    "j": 210310,
    "f": 74587,
    "mʲ": 69617,
    "t": 318932,
    "sʲ": 103674,
    "tʲ": 144611,
    "s": 286930,
    "pʲ": 31503,
    "d": 132161,
    "t̠ʃʲ": 79244,
    "k": 209150,
    "p": 180400,
    "ʃ": 66786,
    "ʑ": 19529,
    "dʲ": 69545,
    "e": 215156,
    "vʲ": 63456,
    "ə": 17666,
    "ɭʲ": 124006,
    "kʲ": 36503,
    "rʲ": 107454,
    "fʲ": 8724,
    "ja": 60201,
    "ɛ": 68166,
    "ɵ": 2752,
    "bʲ": 22675,
    "u\"": 11691,
    "ɪ^": 2659,
    "ɔ": 784,
    "d̠ʒʲ": 562,
    "ŋ": 166
  },
  "observed_phonemes_count": 54
}