{
  "lang": "hr",
  "entropy": 7.291053773657297,
  "mean_word_length": 4.2307008084131645,
  "phoneme_counts": {
    "n": 25854,
    "eː": 33793,
    "ʌ": 25674,
    "p": 13535,
    "t": 16217,
    "ɪ": 24913,
    "m": 18475,
    "ʋ": 11097,
    "ʃ": 6197,
    "ɾ": 35013,
    "aː": 47329,
    "k": 40019,
    "l": 14090,
    "c": 3803,
    "ʊ": 9400,
    "õ": 4573,
    "i": 17094,
    "ɟ": 8522,
    "dʰ": 3056,
    "h": 16203,
    "oː": 10185,
    "ə": 32316,
    "ɳ": 1989,
    "s": 22729,
    "iː": 4630,
    "ẽː": 5735,
    "bʰ": 3376,
    "j": 13116,
    "d": 9943,
    "ɡ": 6710,
    "ɛː": 4075,
    "b": 8342,
    "ɔː": 3446,
    "r": 2343,
    "ʈ": 4518,
    "r.": 1429,
    "uː": 3629,
    "w": 659,
    "ɖ": 1967,
    "pʰ": 2079,
    "ɛ̃": 977,
    "tʰ": 2687,
    "ã": 1868,
    "dʰː": 194,
    "ĩ": 1763,
    "ʂ": 1316,
    "kʰ": 2443,
    "ɛ": 646,
    "a": 316,
    "tʰː": 48,
    "ũ": 371,
    "ʈʰ": 898,
    "tː": 615,
    "ŋ": 912,
    "ɟʰ": 294,
    "dː": 239,
    "u": 105,
    "cʰ": 821,
    "ɡʰ": 622,
    "ɲ": 345,
    "kː": 236,
    "ɔ": 643,
    "pː": 72,
    "ɔ̃": 75,
    "cː": 181,
    "z": 126,
    "cʰcʰ": 83,
    "q": 65,
    "ɡː": 17,
    "ɖʰ": 91,
    "ʈʈ": 85,
    "ɖɖ": 75,
    "ɣ": 5,
    "ɟː": 8,
    "f": 97,
    "əə": 1,
    "e": 2,
    "ʈʰʈʰ": 16,
    "aɪ": 12,
    "x": 9,
    "bː": 10,
    "nː": 1,
    "ɪʰχ": 1
  },
  "observed_phonemes_count": 83
}