{
  "lang": "fa",
  "entropy": 7.851486821266302,
  "mean_word_length": 4.915371847236563,
  "phoneme_counts": {
    "b": 102292,
    "eː": 81324,
    "ɡ": 30236,
    "o": 93515,
    "z": 61341,
    "ɑ": 261800,
    "r": 194861,
    "e": 147105,
    "ʃ": 56674,
    "x": 34276,
    "a̟": 352017,
    "n̪": 165755,
    "m": 137112,
    "h": 83021,
    "d̪": 182218,
    "a̟ː": 10466,
    "s": 81983,
    "v": 60107,
    "j": 62757,
    "i": 140926,
    "t̪ʰ": 114015,
    "kʰ": 75469,
    "iː": 21536,
    "uː": 31290,
    "pʰ": 16114,
    "t̠ʃ": 10409,
    "ʔ": 20629,
    "l": 54613,
    "d̠ʒ": 22525,
    "u": 13445,
    "ɢ": 30768,
    "f": 29922,
    "ʒ": 1538,
    "oː": 2644,
    "ɑː": 4806,
    "qː": 26,
    "ɹ": 7,
    "ɡː": 1,
    "w": 13,
    "rr": 5,
    "dː": 1
  },
  "observed_phonemes_count": 41
}