{
  "lang": "tr",
  "entropy": 9.564295619714613,
  "mean_word_length": 6.324750909090909,
  "phoneme_counts": {
    "p": 32153,
    "i": 194144,
    "t̪": 126825,
    "s̪": 111177,
    "b": 87983,
    "u": 104900,
    "ɾ": 243931,
    "ɡ": 10480,
    "h": 42292,
    "a": 393337,
    "n̪": 241657,
    "l̪ˠ": 115820,
    "j": 130230,
    "iː": 115892,
    "m": 128439,
    "e": 193513,
    "ʃ": 58640,
    "d̪": 155793,
    "k": 152671,
    "v": 35766,
    "ɯ": 160937,
    "œ": 25827,
    "d̠ʒ": 36031,
    "z̪": 55003,
    "t̠ʃ": 44010,
    "o": 100967,
    "ɟ": 37357,
    "eː": 133385,
    "lʲ": 109895,
    "y": 65017,
    "c": 2518,
    "w": 1969,
    "f": 18838,
    "ʒ": 2120,
    "aː": 6978,
    "uː": 1725,
    "ɹ": 74,
    "bː": 139,
    "d̠ʒː": 94,
    "pː": 66,
    "t̠ʃː": 6,
    "ɣ": 1,
    "ɡː": 13
  },
  "observed_phonemes_count": 43
}