{
  "lang": "et",
  "entropy": 9.384697423408841,
  "mean_word_length": 6.102154453314198,
  "phoneme_counts": {
    "a": 160690,
    "ɡ": 32952,
    "ɑ": 27234,
    "m": 61688,
    "u": 77305,
    "lː": 6660,
    "e": 147751,
    "t": 114005,
    "n": 63971,
    "d": 69233,
    "b": 15160,
    "k": 74741,
    "o": 44876,
    "ʊ": 10304,
    "aː": 13533,
    "i": 131760,
    "l": 95665,
    "oː": 13068,
    "tː": 13894,
    "uː": 8447,
    "sʲ": 7440,
    "r": 55696,
    "v": 42777,
    "ɲ": 7817,
    "ɪ": 16041,
    "s": 143029,
    "ɤ": 19814,
    "j": 31292,
    "pː": 2449,
    "tʲ": 3016,
    "ŋ": 7310,
    "eː": 16321,
    "f": 3152,
    "æ": 14724,
    "kː": 9622,
    "p": 29442,
    "sː": 3628,
    "nː": 4151,
    "h": 28537,
    "æː": 2468,
    "ɛ": 19468,
    "iː": 19367,
    "øː": 3222,
    "ɔ": 919,
    "y": 11152,
    "æi": 3395,
    "z": 291,
    "sʲː": 694,
    "mː": 2605,
    "ø": 425,
    "rː": 1782,
    "dʲ": 1239,
    "ʒ": 196,
    "yː": 1834,
    "fː": 85,
    "w": 969,
    "ʃ": 601,
    "øɪ̯": 70,
    "ɤː": 446,
    "t̠ʃ": 48,
    "tʲː": 326,
    "yi": 2,
    "dː": 15,
    "ʃː": 9
  },
  "observed_phonemes_count": 64
}