{
  "lang": "ta",
  "entropy": 8.258322934522527,
  "mean_word_length": 7.5697972500582615,
  "phoneme_counts": {
    "ʲ": 400,
    "e": 1063,
    "n": 3408,
    "p": 2424,
    "aɪ": 1596,
    "j": 1569,
    "ʌ": 8489,
    "ɡ": 1709,
    "ɭ": 1448,
    "v": 2345,
    "d": 2495,
    "aː": 3269,
    "r": 2517,
    "a": 787,
    "ŋ": 316,
    "ʉ": 4475,
    "i": 5156,
    "iː": 325,
    "ɖ": 1532,
    "ɹ": 1902,
    "k": 3427,
    "ɳ": 629,
    "u": 1031,
    "m": 2707,
    "t": 2501,
    "l": 1774,
    "eː": 767,
    "ʈ": 1457,
    "s": 946,
    "o": 535,
    "t̠ʃ": 126,
    "uː": 220,
    "oː": 414,
    "b": 420,
    "t̠ʃː": 135,
    "ɻ": 359,
    "d̠ʒ": 132,
    "ɲ": 26,
    "f": 19,
    "ʂ": 53,
    "aʊ": 3,
    "h": 36,
    "z": 10,
    "ə": 1,
    "ʉʲ": 9,
    "nʲ": 2
  },
  "observed_phonemes_count": 46
}