{
  "lang": "af",
  "entropy": 6.67854207623222,
  "mean_word_length": 4.755939101228273,
  "phoneme_counts": {
    "ɛ": 4064,
    "n": 14752,
    "õ": 922,
    "s": 13767,
    "h": 2656,
    "ʊə": 2652,
    "p": 3370,
    "i": 8158,
    "r": 15221,
    "d": 9581,
    "k": 6548,
    "iə": 4326,
    "ɐ": 8736,
    "t": 14368,
    "æ": 1950,
    "y": 549,
    "ə": 25893,
    "x": 5845,
    "ŋ": 2499,
    "øə": 431,
    "ʃ": 257,
    "u": 2381,
    "ɑː": 5219,
    "l": 7555,
    "m": 5174,
    "ɔ": 5153,
    "b": 3405,
    "ɛɪ": 2625,
    "v": 3955,
    "f": 7214,
    "œ": 952,
    "aɪ": 62,
    "ẽ": 155,
    "j": 565,
    "uː": 216,
    "uɪ": 58,
    "øy": 1171,
    "əʊ": 535,
    "æː": 94,
    "iː": 163,
    "w": 185,
    "ɔː": 79,
    "ɑ̃": 73,
    "eː": 78,
    "ɛː": 12,
    "ɑɪ": 25,
    "yː": 78,
    "ɡ": 68,
    "iu": 34,
    "ʔ": 29,
    "iuː": 7,
    "ʊɪ": 33,
    "iəiə": 19,
    "z": 29,
    "aʊ": 1,
    "ɔɪ": 3,
    "c": 6,
    "t̠ʃ": 17,
    "əə": 7,
    "aɪː": 2,
    "ʒ": 4,
    "d̠ʒ": 3,
    "ɛɪɛɪ": 1
  },
  "observed_phonemes_count": 63
}