{
  "lang": "ur",
  "entropy": 7.106932623805237,
  "mean_word_length": 4.049923626508992,
  "phoneme_counts": {
    "ʋ": 4356,
    "aː": 36490,
    "q": 4049,
    "j": 4359,
    "a": 23179,
    "ɪ": 11918,
    "s": 14898,
    "t": 13895,
    "p": 6153,
    "eː": 26163,
    "ʃ": 3812,
    "ɟ": 6154,
    "ʌ": 9817,
    "b": 8358,
    "k": 26289,
    "ə": 16679,
    "l": 13236,
    "m": 18048,
    "ɖ": 1631,
    "i": 13048,
    "ʈ": 3752,
    "h": 16286,
    "oː": 10136,
    "z": 3768,
    "n": 24402,
    "iː": 11520,
    "ʊ": 5972,
    "d": 9828,
    "ɛ": 3701,
    "r": 25502,
    "tʰ": 1303,
    "ɡ": 4294,
    "dʰ": 307,
    "õː": 1827,
    "f": 3346,
    "ɣ": 556,
    "ɔː": 195,
    "x": 2291,
    "c": 1955,
    "r.": 824,
    "uː": 3518,
    "aʊ": 97,
    "bʰ": 1078,
    "ʂ": 1814,
    "pʰ": 53,
    "e": 1674,
    "aɪ": 793,
    "ɔ": 2119,
    "ʐ": 705,
    "ʈʰ": 94,
    "kʰ": 681,
    "w": 434,
    "ẽ": 1459,
    "ẽː": 489,
    "ãː": 458,
    "cʰ": 295,
    "ɟʰ": 117,
    "dː": 20,
    "ɖʰ": 27,
    "ɛː": 81,
    "ð": 125,
    "ŋ": 82,
    "tː": 52,
    "ɡʰ": 252,
    "ʒ": 26,
    "ĩː": 30,
    "tʰː": 22,
    "ʌ̃": 4,
    "ɾ": 21,
    "o": 4,
    "bː": 5,
    "qː": 1,
    "ũː": 39
  },
  "observed_phonemes_count": 73
}