{
  "lang": "fr",
  "entropy": 7.5867557113389825,
  "mean_word_length": 3.8276296434530606,
  "phoneme_counts": {
    "k": 56985,
    "ɛ": 65760,
    "s": 80240,
    "y": 38296,
    "n": 40186,
    "d": 71446,
    "o": 32531,
    "l": 91998,
    "ʒ": 15701,
    "m": 40705,
    "ɑ̃": 47523,
    "p": 49284,
    "i": 77387,
    "a": 110930,
    "v": 25814,
    "w": 10168,
    "ʁ": 112262,
    "e": 80717,
    "ʃ": 7034,
    "f": 18790,
    "t": 76296,
    "u": 19242,
    "ə": 51349,
    "b": 16023,
    "j": 29772,
    "ɔ̃": 30167,
    "ɛ̃": 14152,
    "œ": 13254,
    "z": 32837,
    "ɡ": 10193,
    "ø": 5918,
    "ɔ": 20808,
    "ɲ": 898,
    "d̠ʒ": 38,
    "ŋ": 7,
    "t̠ʃ": 9,
    "kː": 3,
    "ɪː": 3,
    "h": 1
  },
  "observed_phonemes_count": 39
}