{
  "lang": "am",
  "entropy": 5.923495454255705,
  "mean_word_length": 6.066666666666666,
  "phoneme_counts": {
    "ʔ": 45,
    "a": 112,
    "l": 51,
    "ɨ": 175,
    "w": 42,
    "ə": 189,
    "s": 50,
    "d": 36,
    "k": 23,
    "m": 54,
    "n": 87,
    "e": 29,
    "b": 29,
    "ɡ": 24,
    "z": 15,
    "x": 7,
    "j": 33,
    "o": 10,
    "r": 38,
    "t": 70,
    "h": 26,
    "f": 7,
    "u": 24,
    "i": 17,
    "β": 24,
    "k`": 10,
    "t̠ʃ": 9,
    "t`": 16,
    "t̠ʃ`": 6,
    "ɲ": 8,
    "ç": 2,
    "d̠ʒ": 4,
    "ʃ": 2
  },
  "observed_phonemes_count": 33
}