{
  "lang": "hu",
  "entropy": 8.385741275414237,
  "mean_word_length": 5.894778983406499,
  "phoneme_counts": {
    "t̪": 14879,
    "ɛ": 22127,
    "r̪": 9536,
    "m": 7129,
    "l̪": 11136,
    "eː": 7745,
    "ʃ": 7900,
    "y": 1203,
    "k": 10949,
    "n̪": 10647,
    "ø": 2500,
    "v": 4509,
    "s̻": 3880,
    "oː": 2369,
    "iː": 1310,
    "o": 8989,
    "t̪ː": 1746,
    "ɑ": 20598,
    "f": 1920,
    "ɡ": 4571,
    "p": 2369,
    "z̻": 5782,
    "j": 3345,
    "aː": 8638,
    "i": 10107,
    "l̪ː": 1131,
    "ɟʝ": 2338,
    "b": 3464,
    "u": 2224,
    "h": 3220,
    "uː": 693,
    "øː": 2161,
    "d̪": 4206,
    "2": 248,
    "3": 159,
    "t̠ʃ": 788,
    "kː": 251,
    "ɲ": 1279,
    "t̻s̻": 876,
    "r̪ː": 167,
    "bː": 659,
    "ʃː": 230,
    "ɡː": 60,
    "s̻ː": 229,
    "1": 394,
    "9": 314,
    "6": 111,
    "ʒ": 158,
    "mː": 88,
    "yː": 423,
    "n̪ː": 261,
    "5": 166,
    "ɟʝː": 27,
    "d̪ː": 53,
    "4": 106,
    "z̻ː": 116,
    "pː": 66,
    "8": 105,
    "ŋ": 194,
    "t̻s̻ː": 8,
    "ɲː": 50,
    "vː": 17,
    "7": 114,
    "0": 345,
    "cç": 26,
    "hː": 12,
    "fː": 15,
    "d̠ʒ": 21,
    "jː": 21,
    "t̠ʃː": 10,
    "d̻z̻": 14,
    "ɑ̈": 1
  },
  "observed_phonemes_count": 72
}