{
  "lang": "en",
  "entropy": 7.52443696691116,
  "mean_word_length": 4.034413726875022,
  "phoneme_counts": {
    "aɪ": 33811,
    "w": 29928,
    "ʊ": 10793,
    "d": 65443,
    "l": 70036,
    "k": 52254,
    "ð": 34301,
    "ə": 103544,
    "t̠ʃ": 7688,
    "iː": 30110,
    "p": 32286,
    "ɪ": 110240,
    "s": 82012,
    "t": 119360,
    "f": 35371,
    "ɹ": 106680,
    "ʌ": 56020,
    "m": 46906,
    "b": 26340,
    "ɜː": 10493,
    "ɡ": 14305,
    "æ": 50538,
    "n": 111491,
    "v": 27567,
    "ŋ": 17089,
    "eɪ": 26957,
    "ɛ": 48261,
    "i": 18186,
    "θ": 6568,
    "ɔ": 28087,
    "z": 41123,
    "oʊ": 21524,
    "ʃ": 13752,
    "aʊ": 7976,
    "ɑ": 22879,
    "ɔɪ": 1313,
    "uː": 22032,
    "h": 18147,
    "j": 13673,
    "d̠ʒ": 8694,
    "iə": 3392,
    "ʒ": 834,
    "x": 30
  },
  "observed_phonemes_count": 43
}