{
  "lang": "sv",
  "entropy": 7.805628160239168,
  "mean_word_length": 4.877032514229849,
  "phoneme_counts": {
    "s̪": 48342,
    "ɛ": 33127,
    "ɹ": 65947,
    "v": 21237,
    "e": 46885,
    "eː": 19834,
    "iː": 18436,
    "f": 17650,
    "a": 65504,
    "t̪": 63114,
    "k": 33876,
    "ɔ": 24114,
    "n̪": 64526,
    "uː": 11442,
    "m": 28863,
    "l": 35881,
    "øː": 8092,
    "d̪": 39624,
    "ɛː": 6926,
    "ɡ": 13450,
    "ɪ": 26529,
    "b": 11184,
    "ʝ": 10521,
    "oː": 12847,
    "ɑː": 17159,
    "ʉ̟": 7617,
    "ŋ": 7887,
    "œ": 5256,
    "ʂ": 2603,
    "ɵ": 7735,
    "p": 12391,
    "ɧ": 3187,
    "ʏ": 2980,
    "yː": 2473,
    "ʊ": 1096,
    "h": 12953,
    "ɕ": 1250,
    "ʃ": 310,
    "w": 175,
    "ɔː": 107,
    "z": 3
  },
  "observed_phonemes_count": 41
}