{
  "lang": "ug",
  "entropy": 8.851641449374295,
  "mean_word_length": 6.176510026208326,
  "phoneme_counts": {
    "m": 6829,
    "ɛ": 13385,
    "n": 12533,
    "b": 5245,
    "o": 3930,
    "l": 12312,
    "s": 4385,
    "a": 18933,
    "ʃ": 4108,
    "k": 6494,
    "i": 31279,
    "ø": 1765,
    "z": 2922,
    "ɡ": 1978,
    "r": 10061,
    "t": 9349,
    "p": 5322,
    "y": 3090,
    "q": 7548,
    "d": 7439,
    "j": 6103,
    "ŋ": 2993,
    "u": 8634,
    "e": 3801,
    "w": 1871,
    "ʁ": 3090,
    "d̠ʒ": 677,
    "t̠ʃ": 2948,
    "h": 1666,
    "χ": 1223,
    "1": 51,
    "8": 10,
    "ʒ": 23,
    "5": 18,
    "0": 85,
    "_": 426,
    "2": 34,
    "9": 7,
    "3": 19,
    "4": 18,
    "6": 16,
    "f": 47,
    "7": 7,
    "v": 1,
    "c": 1
  },
  "observed_phonemes_count": 45
}