{
  "lang": "de",
  "entropy": 8.511160783556429,
  "mean_word_length": 5.671714598866917,
  "phoneme_counts": {
    "m": 559501,
    "aː": 575227,
    "n": 1785909,
    "a": 913603,
    "z": 388299,
    "ɛː": 2105631,
    "ɪ": 831591,
    "s": 672281,
    "t̺ʰ": 1253476,
    "ts": 253245,
    "iː": 818506,
    "ɡ": 400171,
    "ʀ": 1491193,
    "pʰ": 222638,
    "f": 552458,
    "yː": 121377,
    "ɔ": 249382,
    "ç": 179621,
    "h": 144757,
    "l": 648028,
    "uː": 250722,
    "b": 414908,
    "ʊ": 430095,
    "x": 127416,
    "v": 251834,
    "ŋ": 189737,
    "kʰ": 423965,
    "ʏ": 46563,
    "oː": 447671,
    "j": 68472,
    "d̺": 935649,
    "ɛ": 450983,
    "ʃ": 142031,
    "œ": 25547,
    "pf": 7794,
    "ə": 16510,
    "eː": 66358,
    "øː": 26053,
    "7": 9844,
    "d̠ʒ": 1122,
    "2": 29850,
    "0": 64298,
    "1": 37235,
    "6": 13235,
    "3": 19472,
    "5": 18276,
    "9": 21392,
    "4": 14379,
    "8": 12319,
    "ɐ": 5068,
    "t̠ʃ": 1136,
    "oː̂": 16,
    "ł": 17,
    "̀": 68,
    "_": 113,
    "ð": 6,
    "̧": 15,
    "ı": 11,
    "̇": 5,
    "aː̂": 26,
    "½": 3,
    "̌": 97,
    "̄": 59,
    "²": 34,
    "̨": 22,
    "м": 1,
    "у": 1,
    "с": 1,
    "к": 1,
    "а": 2,
    "т": 4,
    "о": 2,
    "н": 2,
    "е": 7,
    "л": 2,
    "̆": 12,
    "γ": 1,
    "α": 6,
    "ϊ": 1,
    "δ": 2,
    "ρ": 2,
    "ο": 1,
    "ν": 1,
    "ι": 2,
    "σ": 3,
    "̃": 6,
    "æ": 10,
    "̉": 3,
    "̣": 1,
    "̱": 1,
    "ʿ": 2,
    "ω": 2,
    "μ": 9,
    "³": 2,
    "λ": 2,
    "̣̂": 2,
    "ɪ̯̂": 3,
    "þ": 2,
    "đ": 2,
    "π": 1,
    "µ": 358,
    "̋": 2,
    "ה": 1,
    "ש": 1,
    "ם": 1,
    "κ": 1,
    "ε": 1,
    "ς": 1,
    "ɛː̈": 3,
    "ш": 2,
    "њ": 1,
    "¾": 1,
    "快": 1,
    "速": 1,
    "公": 1,
    "路": 1,
    "в": 3,
    "ц": 2,
    "д": 1,
    "и": 1,
    "ʃ̺": 2
  },
  "observed_phonemes_count": 121
}