{
  "lang": "th",
  "entropy": 10.031032142919742,
  "mean_word_length": 30.576691013020007,
  "phoneme_counts": {
    "m": 3807,
    "ɛː": 1060,
    "w": 2475,
    "aː": 6553,
    "k": 4559,
    "n": 8120,
    "p": 2041,
    "eː": 3212,
    "l": 2186,
    "o": 6171,
    "j": 5136,
    "a": 16896,
    "t̠ʃʰ": 840,
    "r": 3363,
    "b": 1674,
    "d": 1828,
    "t": 4510,
    "s": 2263,
    "ŋ": 3781,
    "kʰ": 2461,
    "ɔː": 2925,
    "h": 1713,
    "tʰ": 2363,
    "pʰ": 1239,
    "t̠ʃ": 1054,
    "ɤː": 749,
    "oː": 760,
    "ʔ": 591,
    "f": 277,
    "ɛ": 422,
    "5": 71,
    "0": 244,
    "4": 50,
    "8": 54,
    "2": 124,
    "1": 257,
    "3": 85,
    "7": 52,
    "9": 115,
    "6": 57,
    "ɡ": 10,
    "e": 17,
    "i": 13,
    "ʉ": 62,
    "ɔ": 22,
    "u": 8,
    "c": 5,
    "y": 5,
    "v": 4,
    "́": 1,
    "x": 1
  },
  "observed_phonemes_count": 51
}