{
  "lang": "yue",
  "entropy": 9.65313166515531,
  "mean_word_length": 332.04329004329,
  "phoneme_counts": {
    "u\u02e5": 12,
    "u\u02e7\u02e5": 286,
    "i\u02e5": 263,
    "i\u02e7\u02e5": 24,
    "y\u02e7\u02e5": 23
  }
}