{
  "lang": "es",
  "entropy": 7.681045510364692,
  "mean_word_length": 4.892368660590426,
  "phoneme_counts": {
    "e": 475240,
    "l": 194674,
    "ɣ": 28809,
    "o": 338629,
    "β": 70701,
    "ɾ": 265277,
    "n": 248442,
    "a": 454568,
    "t": 171093,
    "k": 146116,
    "ŋ": 5178,
    "ɡ": 5066,
    "ð": 153893,
    "f": 29785,
    "m": 109926,
    "s": 273551,
    "ʎ": 9387,
    "θ": 73606,
    "j": 91336,
    "ɛ": 23803,
    "i": 199450,
    "eɪ": 4013,
    "p": 100313,
    "u": 86753,
    "b": 13453,
    "x": 25614,
    "d": 36579,
    "t̠ʃ": 8051,
    "w": 27280,
    "pː": 1095,
    "ɲ": 7605,
    "aʊ": 3804,
    "r": 1488,
    "ʝ": 1849,
    "oɪ": 1564,
    "aɪ": 2136,
    "eʊ": 1773,
    "ʃ": 343,
    "d̠ʒ": 134,
    "ts": 62,
    "ɟ": 11,
    "ə": 25,
    "h": 6
  },
  "observed_phonemes_count": 43
}