{
  "lang": "ko",
  "entropy": 6.905921370178896,
  "mean_word_length": 4.95516858095591,
  "phoneme_counts": {
    "tʰ": 30,
    "aː": 2139,
    "p": 282,
    "m": 392,
    "ɾ": 708,
    "tː": 110,
    "j": 428,
    "t": 771,
    "ʊ": 258,
    "k": 396,
    "ɖ": 166,
    "c": 191,
    "eː": 792,
    "oː": 339,
    "ɳ": 273,
    "i": 514,
    "h": 455,
    "ə": 689,
    "z": 226,
    "d": 195,
    "iː": 165,
    "l": 648,
    "v": 328,
    "uː": 186,
    "bʰ": 77,
    "ɭ": 75,
    "ɡ": 150,
    "ʌ": 334,
    "n": 488,
    "s": 290,
    "ã": 105,
    "ʃ": 109,
    "kʰ": 68,
    "ʈ": 49,
    "dʰ": 35,
    "ɖʰ": 16,
    "ɡʰ": 94,
    "ɪ": 242,
    "r": 51,
    "ɛ": 2,
    "b": 154,
    "u": 62,
    "ɟʰ": 68,
    "cː": 54,
    "ʈʰ": 58,
    "pʰ": 26,
    "aʊ": 4,
    "ŋ": 7,
    "ũ": 3,
    "ĩ": 15,
    "ɟ": 8,
    "ʂ": 17,
    "aɪ": 14,
    "õ": 4,
    "kː": 4,
    "dʰː": 4,
    "ʈʈ": 1,
    "cʰcʰ": 1,
    "ẽː": 1,
    "cʰ": 3
  },
  "observed_phonemes_count": 60
}